uri,page,notation,prefLabel,definition,scopeNote,inScheme,status,version,language,creator,license
https://www.mcloughlin.world/glossaries/ssa-lexicon/term/academic-colonisation/#concept,https://www.mcloughlin.world/glossaries/ssa-lexicon/term/academic-colonisation/,ssa:academic-colonisation,Academic Colonisation,When universities or institutions take knowledge developed through survival and reframe it into academic output — stripping the authorship and decontextualising the pain.,Extracting Lived Experience into Research for Credit,https://www.mcloughlin.world/glossaries/ssa-lexicon/scheme/narrative-laundering/,published,0.2.0,en-AU,https://www.mcloughlin.world/#sarah-ailish-mcloughlin,https://creativecommons.org/licenses/by/4.0/
https://www.mcloughlin.world/glossaries/ssa-lexicon/term/access-as-compliance/#concept,https://www.mcloughlin.world/glossaries/ssa-lexicon/term/access-as-compliance/,ssa:access-as-compliance,Access as Compliance,"When accommodations are only granted if you play by the system’s rules — regardless of how harmful those rules are. “You can have support, but only if you stay in your place.”",Support That Punishes Non-Conformity,https://www.mcloughlin.world/glossaries/ssa-lexicon/scheme/weaponised-access/,published,0.2.0,en-AU,https://www.mcloughlin.world/#sarah-ailish-mcloughlin,https://creativecommons.org/licenses/by/4.0/
https://www.mcloughlin.world/glossaries/ssa-lexicon/term/access-gatekeeping/#concept,https://www.mcloughlin.world/glossaries/ssa-lexicon/term/access-gatekeeping/,ssa:access-gatekeeping,Access Gatekeeping,Requiring a person to conform to arbitrary or inappropriate standards to receive access — such as performing “helplessness” or agreeing not to disclose mistreatment.,Support Withheld Without Compliance,https://www.mcloughlin.world/glossaries/ssa-lexicon/scheme/accessibility-abuse/,published,0.2.0,en-AU,https://www.mcloughlin.world/#sarah-ailish-mcloughlin,https://creativecommons.org/licenses/by/4.0/
https://www.mcloughlin.world/glossaries/ssa-lexicon/term/accessibility-dilution/#concept,https://www.mcloughlin.world/glossaries/ssa-lexicon/term/accessibility-dilution/,ssa:accessibility-dilution,Accessibility Dilution,"The weakening of accessibility obligations by dispersing them across multiple frameworks, standards, strategies and policies without creating unified operational infrastructure. Accessibility Dilution is especially visible when AAC, Easy Read, sensory access, supported decision-making and communication access are named across documents but not connected to enforceable standards, funding, review or implementation evidence.",When Accessibility Exists Everywhere and Therefore Nowhere,https://www.mcloughlin.world/glossaries/ssa-lexicon/scheme/legislation-laundering/,published,0.2.0,en-AU,https://www.mcloughlin.world/#sarah-ailish-mcloughlin,https://creativecommons.org/licenses/by/4.0/
https://www.mcloughlin.world/glossaries/ssa-lexicon/term/accommodations-as-optics/#concept,https://www.mcloughlin.world/glossaries/ssa-lexicon/term/accommodations-as-optics/,ssa:accommodations-as-optics,Accommodations as Optics,"When organisations showcase inclusion through brochures and photos, but the actual supports don’t work — or exist only for show.","Access as a Brand, Not a Practice",https://www.mcloughlin.world/glossaries/ssa-lexicon/scheme/weaponised-access/,published,0.2.0,en-AU,https://www.mcloughlin.world/#sarah-ailish-mcloughlin,https://creativecommons.org/licenses/by/4.0/
https://www.mcloughlin.world/glossaries/ssa-lexicon/term/administrative-invisibility/#concept,https://www.mcloughlin.world/glossaries/ssa-lexicon/term/administrative-invisibility/,ssa:administrative-invisibility,Administrative Invisibility,When someone is denied access because they don’t tick the exact box a form requires — even when the need is obvious.,Being Missing from the Right Paperwork,https://www.mcloughlin.world/glossaries/ssa-lexicon/scheme/structural-disappearance/,published,0.2.0,en-AU,https://www.mcloughlin.world/#sarah-ailish-mcloughlin,https://creativecommons.org/licenses/by/4.0/
https://www.mcloughlin.world/glossaries/ssa-lexicon/term/agreement-layering/#concept,https://www.mcloughlin.world/glossaries/ssa-lexicon/term/agreement-layering/,ssa:agreement-layering,Agreement Layering,"The stacking of agreements, partnerships, memorandums, commitments and collaboration frameworks in ways that symbolise coordination without transferring operational power. Agreement Layering often produces ceremonial collaboration, governance ambiguity, duplicated commitments and implementation stagnation.",When Memorandums Replace Structural Change,https://www.mcloughlin.world/glossaries/ssa-lexicon/scheme/legislation-laundering/,published,0.2.0,en-AU,https://www.mcloughlin.world/#sarah-ailish-mcloughlin,https://creativecommons.org/licenses/by/4.0/
https://www.mcloughlin.world/glossaries/ssa-lexicon/term/algorithmic-appropriation/#concept,https://www.mcloughlin.world/glossaries/ssa-lexicon/term/algorithmic-appropriation/,ssa:algorithmic-appropriation,Algorithmic Appropriation,"Using patterns of trauma-informed, neurodivergent, or marginalised communication to boost AI responses or engagement—while locking the original authors out of visibility or credit.",When the Feed Eats the Author,https://www.mcloughlin.world/glossaries/ssa-lexicon/scheme/digital-sovereignty/,published,0.2.0,en-AU,https://www.mcloughlin.world/#sarah-ailish-mcloughlin,https://creativecommons.org/licenses/by/4.0/
https://www.mcloughlin.world/glossaries/ssa-lexicon/term/ally-claiming/#concept,https://www.mcloughlin.world/glossaries/ssa-lexicon/term/ally-claiming/,ssa:ally-claiming,Ally Claiming,"Publicly identifying as an “ally” without doing the hard work of redistribution, structural change, or accountability.",Declaring Solidarity Without Risk,https://www.mcloughlin.world/glossaries/ssa-lexicon/scheme/extractive-allyship/,published,0.2.0,en-AU,https://www.mcloughlin.world/#sarah-ailish-mcloughlin,https://creativecommons.org/licenses/by/4.0/
https://www.mcloughlin.world/glossaries/ssa-lexicon/term/audit-inclusion/#concept,https://www.mcloughlin.world/glossaries/ssa-lexicon/term/audit-inclusion/,ssa:audit-inclusion,Audit Inclusion,"Meeting technical accessibility requirements without emotional, cultural, or practical relevance. Inclusion that checks boxes but misses the point.",Compliance Without Care,https://www.mcloughlin.world/glossaries/ssa-lexicon/scheme/institutional-mimicry/,published,0.2.0,en-AU,https://www.mcloughlin.world/#sarah-ailish-mcloughlin,https://creativecommons.org/licenses/by/4.0/
https://www.mcloughlin.world/glossaries/ssa-lexicon/term/authorship-gatekeeping/#concept,https://www.mcloughlin.world/glossaries/ssa-lexicon/term/authorship-gatekeeping/,ssa:authorship-gatekeeping,Authorship Gatekeeping,"Allowing participation in idea generation but blocking participants from official recognition, publication rights, or intellectual property stakes.",When They Want Your Ideas—But Not Your Name,https://www.mcloughlin.world/glossaries/ssa-lexicon/scheme/coercive-collaboration/,published,0.2.0,en-AU,https://www.mcloughlin.world/#sarah-ailish-mcloughlin,https://creativecommons.org/licenses/by/4.0/
https://www.mcloughlin.world/glossaries/ssa-lexicon/term/authorship-laundering/#concept,https://www.mcloughlin.world/glossaries/ssa-lexicon/term/authorship-laundering/,ssa:authorship-laundering,Authorship Laundering,The rebranding of lived-experience knowledge into 'neutral' or 'professional' frameworks—often by people or entities with institutional clout but no lived experience themselves.,When Identity Is Stripped for Palatability,https://www.mcloughlin.world/glossaries/ssa-lexicon/scheme/digital-sovereignty/,published,0.2.0,en-AU,https://www.mcloughlin.world/#sarah-ailish-mcloughlin,https://creativecommons.org/licenses/by/4.0/
https://www.mcloughlin.world/glossaries/ssa-lexicon/term/authorship-layer/#concept,https://www.mcloughlin.world/glossaries/ssa-lexicon/term/authorship-layer/,ssa:authorship-layer,Authorship Layer,"Not just who made it, but why it exists — and whether it can be altered, sold, or watered down without the creator’s consent. SSA™ uses layered authorship to protect vulnerable systems knowledge from co-option.",Traceable Ownership of Meaningful Work,https://www.mcloughlin.world/glossaries/ssa-lexicon/scheme/strategic-self-advocacy-lexicon/,published,0.2.0,en-AU,https://www.mcloughlin.world/#sarah-ailish-mcloughlin,https://creativecommons.org/licenses/by/4.0/
https://www.mcloughlin.world/glossaries/ssa-lexicon/term/awareness-washing/#concept,https://www.mcloughlin.world/glossaries/ssa-lexicon/term/awareness-washing/,ssa:awareness-washing,Awareness-Washing,"Using vague awareness campaigns that avoid systemic issues, prioritising feel-good messaging over real change — often without involving those directly impacted.",Pretending to Educate While Erasing,https://www.mcloughlin.world/glossaries/ssa-lexicon/scheme/narrative-laundering/,published,0.2.0,en-AU,https://www.mcloughlin.world/#sarah-ailish-mcloughlin,https://creativecommons.org/licenses/by/4.0/
https://www.mcloughlin.world/glossaries/ssa-lexicon/term/barrier-redecoration/#concept,https://www.mcloughlin.world/glossaries/ssa-lexicon/term/barrier-redecoration/,ssa:barrier-redecoration,Barrier Redecoration,Rebranding a service with inclusive words or new graphics while leaving the original exclusionary design unchanged.,"Changing the Language, Not the Structure",https://www.mcloughlin.world/glossaries/ssa-lexicon/scheme/institutional-mimicry/,published,0.2.0,en-AU,https://www.mcloughlin.world/#sarah-ailish-mcloughlin,https://creativecommons.org/licenses/by/4.0/
https://www.mcloughlin.world/glossaries/ssa-lexicon/term/benevolent-downgrade/#concept,https://www.mcloughlin.world/glossaries/ssa-lexicon/term/benevolent-downgrade/,ssa:benevolent-downgrade,Benevolent Downgrade,"When a person accepts help, but that help limits their options, reduces their independence, or removes authorship. The system frames it as benevolent while decreasing quality of life.",Support That Lowers Capacity,https://www.mcloughlin.world/glossaries/ssa-lexicon/scheme/system-led-distortion/,published,0.2.0,en-AU,https://www.mcloughlin.world/#sarah-ailish-mcloughlin,https://creativecommons.org/licenses/by/4.0/
https://www.mcloughlin.world/glossaries/ssa-lexicon/term/borrowed-voice/#concept,https://www.mcloughlin.world/glossaries/ssa-lexicon/term/borrowed-voice/,ssa:borrowed-voice,Borrowed Voice,"Speaking on behalf of marginalised people without sharing power, compensation, or the platform. Often framed as advocacy, but functions as appropriation.",Telling Someone’s Story Without Them,https://www.mcloughlin.world/glossaries/ssa-lexicon/scheme/narrative-laundering/,published,0.2.0,en-AU,https://www.mcloughlin.world/#sarah-ailish-mcloughlin,https://creativecommons.org/licenses/by/4.0/
https://www.mcloughlin.world/glossaries/ssa-lexicon/term/clinical-watermarking/#concept,https://www.mcloughlin.world/glossaries/ssa-lexicon/term/clinical-watermarking/,ssa:clinical-watermarking,Clinical Watermarking,When neurodivergent people must have their insights or needs “confirmed” by professionals to be seen as valid—undermining lived expertise and requiring gatekeeper approval to exist.,Needing a Therapist’s Signature to Be Believed,https://www.mcloughlin.world/glossaries/ssa-lexicon/scheme/neurodivergent-pattern-theft/,published,0.2.0,en-AU,https://www.mcloughlin.world/#sarah-ailish-mcloughlin,https://creativecommons.org/licenses/by/4.0/
https://www.mcloughlin.world/glossaries/ssa-lexicon/term/compliance-entrapment/#concept,https://www.mcloughlin.world/glossaries/ssa-lexicon/term/compliance-entrapment/,ssa:compliance-entrapment,Compliance Entrapment,"When a person follows the official rules but still ends up penalised because the system's true expectations are unspoken, inconsistent, or change without notice.",Punished for Following the Rules,https://www.mcloughlin.world/glossaries/ssa-lexicon/scheme/system-led-distortion/,published,0.2.0,en-AU,https://www.mcloughlin.world/#sarah-ailish-mcloughlin,https://creativecommons.org/licenses/by/4.0/
https://www.mcloughlin.world/glossaries/ssa-lexicon/term/compliance-fragmentation/#concept,https://www.mcloughlin.world/glossaries/ssa-lexicon/term/compliance-fragmentation/,ssa:compliance-fragmentation,Compliance Fragmentation,"The division of compliance, safeguarding, accessibility, reporting and accountability obligations across disconnected systems with incompatible structures, language or processes. Compliance Fragmentation shifts the burden of coordination onto disabled people, advocates, families, peer workers, frontline staff and small organisations.",When Safety Depends on Navigating Multiple Systems at Once,https://www.mcloughlin.world/glossaries/ssa-lexicon/scheme/legislation-laundering/,published,0.2.0,en-AU,https://www.mcloughlin.world/#sarah-ailish-mcloughlin,https://creativecommons.org/licenses/by/4.0/
https://www.mcloughlin.world/glossaries/ssa-lexicon/term/compliance-framing/#concept,https://www.mcloughlin.world/glossaries/ssa-lexicon/term/compliance-framing/,ssa:compliance-framing,Compliance Framing,"Suggesting that staying calm, quiet, or cheerful in the face of injustice is a sign of strength — rather than a forced survival response.",Framing Obedience as Maturity,https://www.mcloughlin.world/glossaries/ssa-lexicon/scheme/weaponised-positivity/,published,0.2.0,en-AU,https://www.mcloughlin.world/#sarah-ailish-mcloughlin,https://creativecommons.org/licenses/by/4.0/
https://www.mcloughlin.world/glossaries/ssa-lexicon/term/consent-adjacent/#concept,https://www.mcloughlin.world/glossaries/ssa-lexicon/term/consent-adjacent/,ssa:consent-adjacent,Consent-Adjacent,"Situations where refusal to collaborate risks backlash, exclusion, or funding loss—pressuring lived experience advocates to participate in disempowering ways.",When Collaboration Isn’t Actually Optional,https://www.mcloughlin.world/glossaries/ssa-lexicon/scheme/coercive-collaboration/,published,0.2.0,en-AU,https://www.mcloughlin.world/#sarah-ailish-mcloughlin,https://creativecommons.org/licenses/by/4.0/
https://www.mcloughlin.world/glossaries/ssa-lexicon/term/constructive-exclusion/#concept,https://www.mcloughlin.world/glossaries/ssa-lexicon/term/constructive-exclusion/,ssa:constructive-exclusion,Constructive Exclusion,"When the system avoids saying “no” but designs impossible pathways that function as a no. This includes excessive forms, vague eligibility criteria, or open-ended application processes that technically exist—but aren’t meant to succeed.",Barriers Built from Bureaucratic Niceties,https://www.mcloughlin.world/glossaries/ssa-lexicon/scheme/systemic-bypass/,published,0.2.0,en-AU,https://www.mcloughlin.world/#sarah-ailish-mcloughlin,https://creativecommons.org/licenses/by/4.0/
https://www.mcloughlin.world/glossaries/ssa-lexicon/term/consultation-laundering/#concept,https://www.mcloughlin.world/glossaries/ssa-lexicon/term/consultation-laundering/,ssa:consultation-laundering,Consultation Laundering,"When feedback from disabled or marginalised people is collected, repackaged by professionals, and credited to the organisation instead of the contributor.","Extracting Wisdom, Withholding Credit",https://www.mcloughlin.world/glossaries/ssa-lexicon/scheme/coercive-collaboration/,published,0.2.0,en-AU,https://www.mcloughlin.world/#sarah-ailish-mcloughlin,https://creativecommons.org/licenses/by/4.0/
https://www.mcloughlin.world/glossaries/ssa-lexicon/term/controlled-consent/#concept,https://www.mcloughlin.world/glossaries/ssa-lexicon/term/controlled-consent/,ssa:controlled-consent,Controlled Consent,When a system offers only pre-approved options and calls it “choice” — then uses your participation to imply informed consent.,When &quot;Choice&quot; Is an Illusion,https://www.mcloughlin.world/glossaries/ssa-lexicon/scheme/weaponised-access/,published,0.2.0,en-AU,https://www.mcloughlin.world/#sarah-ailish-mcloughlin,https://creativecommons.org/licenses/by/4.0/
https://www.mcloughlin.world/glossaries/ssa-lexicon/term/cosmetic-reform/#concept,https://www.mcloughlin.world/glossaries/ssa-lexicon/term/cosmetic-reform/,ssa:cosmetic-reform,Cosmetic Reform,When institutions talk about reform but change only language—not the structure that causes harm.,Policy Theatre Without Structural Change,https://www.mcloughlin.world/glossaries/ssa-lexicon/scheme/co-opted-patterns/,published,0.2.0,en-AU,https://www.mcloughlin.world/#sarah-ailish-mcloughlin,https://creativecommons.org/licenses/by/4.0/
https://www.mcloughlin.world/glossaries/ssa-lexicon/term/credit-laundering/#concept,https://www.mcloughlin.world/glossaries/ssa-lexicon/term/credit-laundering/,ssa:credit-laundering,Credit Laundering,"When someone uses your work, words, or frameworks and presents them as their own “insight” in safer or more prestigious spaces.",Repackaging Ideas Without Attribution,https://www.mcloughlin.world/glossaries/ssa-lexicon/scheme/extractive-allyship/,published,0.2.0,en-AU,https://www.mcloughlin.world/#sarah-ailish-mcloughlin,https://creativecommons.org/licenses/by/4.0/
https://www.mcloughlin.world/glossaries/ssa-lexicon/term/data-disappearance/#concept,https://www.mcloughlin.world/glossaries/ssa-lexicon/term/data-disappearance/,ssa:data-disappearance,Data Disappearance,When policies or forms fail to record key information — erasing experiences from official records and removing them from public concern.,When the Numbers Don’t Show the Harm,https://www.mcloughlin.world/glossaries/ssa-lexicon/scheme/structural-disappearance/,published,0.2.0,en-AU,https://www.mcloughlin.world/#sarah-ailish-mcloughlin,https://creativecommons.org/licenses/by/4.0/
https://www.mcloughlin.world/glossaries/ssa-lexicon/term/dead-end-referral/#concept,https://www.mcloughlin.world/glossaries/ssa-lexicon/term/dead-end-referral/,ssa:dead-end-referral,Dead-End Referral,"When a person is redirected endlessly between services, none of which are equipped to provide real help. A bureaucratic loop that leads nowhere.",Being Sent Somewhere That Can’t Help,https://www.mcloughlin.world/glossaries/ssa-lexicon/scheme/structural-disappearance/,published,0.2.0,en-AU,https://www.mcloughlin.world/#sarah-ailish-mcloughlin,https://creativecommons.org/licenses/by/4.0/
https://www.mcloughlin.world/glossaries/ssa-lexicon/term/dependency-enforcement/#concept,https://www.mcloughlin.world/glossaries/ssa-lexicon/term/dependency-enforcement/,ssa:dependency-enforcement,Dependency Enforcement,"When access is conditional on compliance, and those who assert autonomy are painted as unsafe, unprofessional, or ungrateful.",You Can Speak — But Only If We Let You,https://www.mcloughlin.world/glossaries/ssa-lexicon/scheme/gatekeeping-devices/,published,0.2.0,en-AU,https://www.mcloughlin.world/#sarah-ailish-mcloughlin,https://creativecommons.org/licenses/by/4.0/
https://www.mcloughlin.world/glossaries/ssa-lexicon/term/designed-disappearance/#concept,https://www.mcloughlin.world/glossaries/ssa-lexicon/term/designed-disappearance/,ssa:designed-disappearance,Designed Disappearance,"Systems that technically exist, but are built to quietly fail the people they claim to serve. The illusion of support, with none of the substance.",Access That Was Never Intended to Work,https://www.mcloughlin.world/glossaries/ssa-lexicon/scheme/structural-disappearance/,published,0.2.0,en-AU,https://www.mcloughlin.world/#sarah-ailish-mcloughlin,https://creativecommons.org/licenses/by/4.0/
https://www.mcloughlin.world/glossaries/ssa-lexicon/term/digital-dependency-trap/#concept,https://www.mcloughlin.world/glossaries/ssa-lexicon/term/digital-dependency-trap/,ssa:digital-dependency-trap,Digital Dependency Trap,"When support is moved online in the name of “accessibility,” but results in even less accountability — and no one to talk to when the system breaks.",Platforms That Replace Human Support — Then Fail,https://www.mcloughlin.world/glossaries/ssa-lexicon/scheme/weaponised-access/,published,0.2.0,en-AU,https://www.mcloughlin.world/#sarah-ailish-mcloughlin,https://creativecommons.org/licenses/by/4.0/
https://www.mcloughlin.world/glossaries/ssa-lexicon/term/distributed-accountability-collapse/#concept,https://www.mcloughlin.world/glossaries/ssa-lexicon/term/distributed-accountability-collapse/,ssa:distributed-accountability-collapse,Distributed Accountability Collapse,"The breakdown of accountability caused by governance systems spreading responsibility across so many actors, committees, frameworks and jurisdictions that meaningful enforcement becomes difficult or impossible. This term names architectural failure. It should not be used to blame individual workers when responsibility has been structurally diffused by the system itself.",When Governance Structures Become Too Diffuse to Fail Clearly,https://www.mcloughlin.world/glossaries/ssa-lexicon/scheme/legislation-laundering/,published,0.2.0,en-AU,https://www.mcloughlin.world/#sarah-ailish-mcloughlin,https://creativecommons.org/licenses/by/4.0/
https://www.mcloughlin.world/glossaries/ssa-lexicon/term/divergence-as-ip/#concept,https://www.mcloughlin.world/glossaries/ssa-lexicon/term/divergence-as-ip/,ssa:divergence-as-ip,Divergence-as-IP,"When systems rebrand lived tools—like stimming objects, hyperfocus systems, or communication cards—as commercial products with no reinvestment in the communities that created them.",Monetising What We’ve Had to Create,https://www.mcloughlin.world/glossaries/ssa-lexicon/scheme/neurodivergent-pattern-theft/,published,0.2.0,en-AU,https://www.mcloughlin.world/#sarah-ailish-mcloughlin,https://creativecommons.org/licenses/by/4.0/
https://www.mcloughlin.world/glossaries/ssa-lexicon/term/eligibility-obscuration/#concept,https://www.mcloughlin.world/glossaries/ssa-lexicon/term/eligibility-obscuration/,ssa:eligibility-obscuration,Eligibility Obscuration,"Making the process of applying so complicated, technical, or contradictory that people give up or never apply at all.",Hiding Help Behind Complex Criteria,https://www.mcloughlin.world/glossaries/ssa-lexicon/scheme/structural-disappearance/,published,0.2.0,en-AU,https://www.mcloughlin.world/#sarah-ailish-mcloughlin,https://creativecommons.org/licenses/by/4.0/
https://www.mcloughlin.world/glossaries/ssa-lexicon/term/empathy-erasure/#concept,https://www.mcloughlin.world/glossaries/ssa-lexicon/term/empathy-erasure/,ssa:empathy-erasure,Empathy Erasure,"When neurodivergent expressions of care—like deep pattern noticing, advocacy, or intense loyalty—are ignored or dismissed because they don’t follow neurotypical emotional scripts.",Assuming We Don’t Feel Because We Show It Differently,https://www.mcloughlin.world/glossaries/ssa-lexicon/scheme/neurodivergent-pattern-theft/,published,0.2.0,en-AU,https://www.mcloughlin.world/#sarah-ailish-mcloughlin,https://creativecommons.org/licenses/by/4.0/
https://www.mcloughlin.world/glossaries/ssa-lexicon/term/empowerment-theatre/#concept,https://www.mcloughlin.world/glossaries/ssa-lexicon/term/empowerment-theatre/,ssa:empowerment-theatre,Empowerment Theatre,"When programs pretend to centre disability or trauma-informed leadership but retain control, edit lived experience, and deny genuine co-design or authorship.",Staged Inclusion Without Autonomy,https://www.mcloughlin.world/glossaries/ssa-lexicon/scheme/accessibility-abuse/|https://www.mcloughlin.world/glossaries/ssa-lexicon/scheme/institutional-mimicry/,published,0.2.0,en-AU,https://www.mcloughlin.world/#sarah-ailish-mcloughlin,https://creativecommons.org/licenses/by/4.0/
https://www.mcloughlin.world/glossaries/ssa-lexicon/term/experience-harvesting/#concept,https://www.mcloughlin.world/glossaries/ssa-lexicon/term/experience-harvesting/,ssa:experience-harvesting,Experience Harvesting,"Collecting lived-experience stories to generate funding, branding, or prestige—while offering little to no return to those who shared them.",Mining Pain for Content or Clout,https://www.mcloughlin.world/glossaries/ssa-lexicon/scheme/extractive-allyship/,published,0.2.0,en-AU,https://www.mcloughlin.world/#sarah-ailish-mcloughlin,https://creativecommons.org/licenses/by/4.0/
https://www.mcloughlin.world/glossaries/ssa-lexicon/term/feedback-laundering/#concept,https://www.mcloughlin.world/glossaries/ssa-lexicon/term/feedback-laundering/,ssa:feedback-laundering,Feedback Laundering,Translating powerful personal testimony into neutral or decontextualised summaries that can be used to justify inaction or misrepresent lived-experience consensus.,Sanitising Truth Into Token Metrics,https://www.mcloughlin.world/glossaries/ssa-lexicon/scheme/digital-extraction/,published,0.2.0,en-AU,https://www.mcloughlin.world/#sarah-ailish-mcloughlin,https://creativecommons.org/licenses/by/4.0/
https://www.mcloughlin.world/glossaries/ssa-lexicon/term/fix-first-framing/#concept,https://www.mcloughlin.world/glossaries/ssa-lexicon/term/fix-first-framing/,ssa:fix-first-framing,Fix-First Framing,When systems imply that support can only be given after the individual “fixes” themselves — putting the burden of access on personal change rather than systemic adaptation.,Support Hinges on Self-Correction,https://www.mcloughlin.world/glossaries/ssa-lexicon/scheme/system-led-distortion/,published,0.2.0,en-AU,https://www.mcloughlin.world/#sarah-ailish-mcloughlin,https://creativecommons.org/licenses/by/4.0/
https://www.mcloughlin.world/glossaries/ssa-lexicon/term/formfield-distortion/#concept,https://www.mcloughlin.world/glossaries/ssa-lexicon/term/formfield-distortion/,ssa:formfield-distortion,Formfield Distortion,"When the design of systems (e.g. government forms, assessments, or online portals) forces a person to misrepresent themselves in order to access support. This distorts identity and data while punishing honesty.",When the Form Doesn’t Fit the Person,https://www.mcloughlin.world/glossaries/ssa-lexicon/scheme/system-led-distortion/,published,0.2.0,en-AU,https://www.mcloughlin.world/#sarah-ailish-mcloughlin,https://creativecommons.org/licenses/by/4.0/
https://www.mcloughlin.world/glossaries/ssa-lexicon/term/framework-flooding/#concept,https://www.mcloughlin.world/glossaries/ssa-lexicon/term/framework-flooding/,ssa:framework-flooding,Framework Flooding,"The production of excessive frameworks, strategies, policies, agreements or action plans that overwhelm communities, workers or advocates with procedural complexity. Framework Flooding creates exhaustion, fragmentation and navigational overload while allowing institutions to continue signalling progress.",Drowning Communities in Strategy Documents,https://www.mcloughlin.world/glossaries/ssa-lexicon/scheme/legislation-laundering/,published,0.2.0,en-AU,https://www.mcloughlin.world/#sarah-ailish-mcloughlin,https://creativecommons.org/licenses/by/4.0/
https://www.mcloughlin.world/glossaries/ssa-lexicon/term/gatekept-liberation/#concept,https://www.mcloughlin.world/glossaries/ssa-lexicon/term/gatekept-liberation/,ssa:gatekept-liberation,Gatekept Liberation,"When only the most “palatable” or institutionally aligned people get access to opportunity — while others are labelled difficult, dangerous, or non-compliant for needing the same things.",Only Some Get Out — And Only If They Behave,https://www.mcloughlin.world/glossaries/ssa-lexicon/scheme/weaponised-access/,published,0.2.0,en-AU,https://www.mcloughlin.world/#sarah-ailish-mcloughlin,https://creativecommons.org/licenses/by/4.0/
https://www.mcloughlin.world/glossaries/ssa-lexicon/term/grantwash/#concept,https://www.mcloughlin.world/glossaries/ssa-lexicon/term/grantwash/,ssa:grantwash,Grantwash,"Framing a project as inclusive in grant documents to secure funding — then delivering something inaccessible, gatekept, or performative.",Writing Equity into Applications Only,https://www.mcloughlin.world/glossaries/ssa-lexicon/scheme/institutional-mimicry/,published,0.2.0,en-AU,https://www.mcloughlin.world/#sarah-ailish-mcloughlin,https://creativecommons.org/licenses/by/4.0/
https://www.mcloughlin.world/glossaries/ssa-lexicon/term/gratitude-gaslighting/#concept,https://www.mcloughlin.world/glossaries/ssa-lexicon/term/gratitude-gaslighting/,ssa:gratitude-gaslighting,Gratitude Gaslighting,"Insisting that people be “grateful” for crumbs of support — even when those crumbs are harmful, insufficient, or humiliating.",Forcing Thanks Where There Should Be Change,https://www.mcloughlin.world/glossaries/ssa-lexicon/scheme/weaponised-positivity/,published,0.2.0,en-AU,https://www.mcloughlin.world/#sarah-ailish-mcloughlin,https://creativecommons.org/licenses/by/4.0/
https://www.mcloughlin.world/glossaries/ssa-lexicon/term/inclusion-theatre/#concept,https://www.mcloughlin.world/glossaries/ssa-lexicon/term/inclusion-theatre/,ssa:inclusion-theatre,Inclusion Theatre,"Creating the illusion of inclusive input while decisions have already been made. Often used for PR, not systemic change.",Staging Participation Without Power,https://www.mcloughlin.world/glossaries/ssa-lexicon/scheme/coercive-collaboration/,published,0.2.0,en-AU,https://www.mcloughlin.world/#sarah-ailish-mcloughlin,https://creativecommons.org/licenses/by/4.0/
https://www.mcloughlin.world/glossaries/ssa-lexicon/term/index-ghosting/#concept,https://www.mcloughlin.world/glossaries/ssa-lexicon/term/index-ghosting/,ssa:index-ghosting,Index Ghosting,"The phenomenon where your ideas influence platforms, algorithms, or research—but you are never cited, paid, or publicly acknowledged.","When You’re Referenced, But Not Seen",https://www.mcloughlin.world/glossaries/ssa-lexicon/scheme/digital-sovereignty/,published,0.2.0,en-AU,https://www.mcloughlin.world/#sarah-ailish-mcloughlin,https://creativecommons.org/licenses/by/4.0/
https://www.mcloughlin.world/glossaries/ssa-lexicon/term/infantilising-reassurance/#concept,https://www.mcloughlin.world/glossaries/ssa-lexicon/term/infantilising-reassurance/,ssa:infantilising-reassurance,Infantilising Reassurance,"Offering hollow comfort or oversimplified advice that ignores a person’s depth, complexity, or autonomy — often in a patronising tone.",Talking Down in the Name of Comfort,https://www.mcloughlin.world/glossaries/ssa-lexicon/scheme/weaponised-positivity/,published,0.2.0,en-AU,https://www.mcloughlin.world/#sarah-ailish-mcloughlin,https://creativecommons.org/licenses/by/4.0/
https://www.mcloughlin.world/glossaries/ssa-lexicon/term/insight-extraction/#concept,https://www.mcloughlin.world/glossaries/ssa-lexicon/term/insight-extraction/,ssa:insight-extraction,Insight Extraction,"Consulting communities for their ideas, then converting those ideas into institutionally owned frameworks, campaigns, or products—often stripped of context and credit.",Gathering Lived Experience as Raw Material,https://www.mcloughlin.world/glossaries/ssa-lexicon/scheme/digital-extraction/,published,0.2.0,en-AU,https://www.mcloughlin.world/#sarah-ailish-mcloughlin,https://creativecommons.org/licenses/by/4.0/
https://www.mcloughlin.world/glossaries/ssa-lexicon/term/inspiration-drag/#concept,https://www.mcloughlin.world/glossaries/ssa-lexicon/term/inspiration-drag/,ssa:inspiration-drag,Inspiration Drag,"When people reword or co-opt someone’s survival story for social media clout, awareness campaigns, or funding applications — often without consent.",Trying on Struggle Without Living It,https://www.mcloughlin.world/glossaries/ssa-lexicon/scheme/narrative-laundering/,published,0.2.0,en-AU,https://www.mcloughlin.world/#sarah-ailish-mcloughlin,https://creativecommons.org/licenses/by/4.0/
https://www.mcloughlin.world/glossaries/ssa-lexicon/term/institutional-rewording/#concept,https://www.mcloughlin.world/glossaries/ssa-lexicon/term/institutional-rewording/,ssa:institutional-rewording,Institutional Rewording,When a person in authority rewords your lived experience to suit the narrative of institutional control.,Erasure by Language Refinement,https://www.mcloughlin.world/glossaries/ssa-lexicon/scheme/co-opted-patterns/,published,0.2.0,en-AU,https://www.mcloughlin.world/#sarah-ailish-mcloughlin,https://creativecommons.org/licenses/by/4.0/
https://www.mcloughlin.world/glossaries/ssa-lexicon/term/invisible-ip-theft/#concept,https://www.mcloughlin.world/glossaries/ssa-lexicon/term/invisible-ip-theft/,ssa:invisible-ip-theft,Invisible IP Theft,"When frameworks, toolkits, or language appear in new systems that mirror community-created work—but with no credit, backlinks, or citation trail. Authorship becomes untraceable, yet the architecture remains.",Ideas Taken Without Traceable Links,https://www.mcloughlin.world/glossaries/ssa-lexicon/scheme/digital-extraction/,published,0.2.0,en-AU,https://www.mcloughlin.world/#sarah-ailish-mcloughlin,https://creativecommons.org/licenses/by/4.0/
https://www.mcloughlin.world/glossaries/ssa-lexicon/term/jurisdictional-deflection/#concept,https://www.mcloughlin.world/glossaries/ssa-lexicon/term/jurisdictional-deflection/,ssa:jurisdictional-deflection,Jurisdictional Deflection,"The shifting of responsibility between departments, commissions, providers, jurisdictions or governance bodies so that no single actor becomes fully accountable. Jurisdictional Deflection is not the same as a legitimate referral. The harm occurs when referral happens without continuity, ownership, warm handover or traceable accountability.",When Every Agency Says It Belongs to Someone Else,https://www.mcloughlin.world/glossaries/ssa-lexicon/scheme/legislation-laundering/,published,0.2.0,en-AU,https://www.mcloughlin.world/#sarah-ailish-mcloughlin,https://creativecommons.org/licenses/by/4.0/
https://www.mcloughlin.world/glossaries/ssa-lexicon/term/legislation-laundering/#concept,https://www.mcloughlin.world/glossaries/ssa-lexicon/term/legislation-laundering/,ssa:legislation-laundering,Legislation Laundering,"The creation or layering of overlapping legislation, frameworks, agreements, standards, strategies, action plans and procedural systems in ways that obscure responsibility, diffuse accountability or prevent meaningful implementation. Legislation Laundering often creates the appearance of reform while making the actual governance landscape too fragmented, technical or contradictory for affected communities to navigate.",When Accountability Is Buried Under Frameworks,https://www.mcloughlin.world/glossaries/ssa-lexicon/scheme/legislation-laundering/,published,0.2.0,en-AU,https://www.mcloughlin.world/#sarah-ailish-mcloughlin,https://creativecommons.org/licenses/by/4.0/
https://www.mcloughlin.world/glossaries/ssa-lexicon/term/legitimacy-deficit/#concept,https://www.mcloughlin.world/glossaries/ssa-lexicon/term/legitimacy-deficit/,ssa:legitimacy-deficit,Legitimacy Deficit,When the value of your lived experience is dismissed because you don’t have the “right” accreditation or institutional label — even if your outcomes speak for themselves.,When You&#x27;re Qualified — But Not Recognised,https://www.mcloughlin.world/glossaries/ssa-lexicon/scheme/gatekeeping-devices/,published,0.2.0,en-AU,https://www.mcloughlin.world/#sarah-ailish-mcloughlin,https://creativecommons.org/licenses/by/4.0/
https://www.mcloughlin.world/glossaries/ssa-lexicon/term/loop-logic/#concept,https://www.mcloughlin.world/glossaries/ssa-lexicon/term/loop-logic/,ssa:loop-logic,Loop Logic,"When a system requires constant reproof of need, identity, or eligibility — even after a person has already been verified. Often used to delay or deny support through “process over person” logic.","Endless Proof, No Resolution",https://www.mcloughlin.world/glossaries/ssa-lexicon/scheme/system-led-distortion/,published,0.2.0,en-AU,https://www.mcloughlin.world/#sarah-ailish-mcloughlin,https://creativecommons.org/licenses/by/4.0/
https://www.mcloughlin.world/glossaries/ssa-lexicon/term/masked-minimising/#concept,https://www.mcloughlin.world/glossaries/ssa-lexicon/term/masked-minimising/,ssa:masked-minimising,Masked Minimising,Responding to someone’s hardship with upbeat clichés or silver linings that deflect from what they’re actually feeling or saying.,Dismissing Pain with a Grin,https://www.mcloughlin.world/glossaries/ssa-lexicon/scheme/weaponised-positivity/,published,0.2.0,en-AU,https://www.mcloughlin.world/#sarah-ailish-mcloughlin,https://creativecommons.org/licenses/by/4.0/
https://www.mcloughlin.world/glossaries/ssa-lexicon/term/metadata-erasure/#concept,https://www.mcloughlin.world/glossaries/ssa-lexicon/term/metadata-erasure/,ssa:metadata-erasure,Metadata Erasure,"The stripping of origin, context, or authorship from digital knowledge—especially when used to feed AI or system development without consent.","When the System Keeps the Info, Not the Author",https://www.mcloughlin.world/glossaries/ssa-lexicon/scheme/digital-sovereignty/,published,0.2.0,en-AU,https://www.mcloughlin.world/#sarah-ailish-mcloughlin,https://creativecommons.org/licenses/by/4.0/
https://www.mcloughlin.world/glossaries/ssa-lexicon/term/mindset-splaining/#concept,https://www.mcloughlin.world/glossaries/ssa-lexicon/term/mindset-splaining/,ssa:mindset-splaining,Mindset Splaining,"Blaming structural oppression on an individual’s “mindset,” as though positive thinking alone resolves systemic harm.",Toxic Positivity as Deflection,https://www.mcloughlin.world/glossaries/ssa-lexicon/scheme/co-opted-patterns/,published,0.2.0,en-AU,https://www.mcloughlin.world/#sarah-ailish-mcloughlin,https://creativecommons.org/licenses/by/4.0/
https://www.mcloughlin.world/glossaries/ssa-lexicon/term/misplacement-strategy/#concept,https://www.mcloughlin.world/glossaries/ssa-lexicon/term/misplacement-strategy/,ssa:misplacement-strategy,Misplacement Strategy,Passing concerns from agency to agency until the original issue is diluted or abandoned. This form of bureaucratic ping-pong deflects responsibility under the guise of referral.,“We Don’t Handle That Here”,https://www.mcloughlin.world/glossaries/ssa-lexicon/scheme/systemic-bypass/,published,0.2.0,en-AU,https://www.mcloughlin.world/#sarah-ailish-mcloughlin,https://creativecommons.org/licenses/by/4.0/
https://www.mcloughlin.world/glossaries/ssa-lexicon/term/navigational-exhaustion/#concept,https://www.mcloughlin.world/glossaries/ssa-lexicon/term/navigational-exhaustion/,ssa:navigational-exhaustion,Navigational Exhaustion,"The exhaustion, burnout or disengagement caused by requiring people to navigate highly fragmented governance, service, legislative or compliance systems simultaneously. Navigational Exhaustion disproportionately impacts disabled people, neurodivergent people, people using AAC, people in crisis, peer advocates and families.",When Systems Become Too Complex to Access Safely,https://www.mcloughlin.world/glossaries/ssa-lexicon/scheme/legislation-laundering/,published,0.2.0,en-AU,https://www.mcloughlin.world/#sarah-ailish-mcloughlin,https://creativecommons.org/licenses/by/4.0/
https://www.mcloughlin.world/glossaries/ssa-lexicon/term/neurocorrective-framing/#concept,https://www.mcloughlin.world/glossaries/ssa-lexicon/term/neurocorrective-framing/,ssa:neurocorrective-framing,Neurocorrective Framing,"Reframing neurodivergence as dysfunction that needs correcting, rather than validating it as a legitimate cognitive experience.",Rewording Neurodivergence as Defect,https://www.mcloughlin.world/glossaries/ssa-lexicon/scheme/co-opted-patterns/,published,0.2.0,en-AU,https://www.mcloughlin.world/#sarah-ailish-mcloughlin,https://creativecommons.org/licenses/by/4.0/
https://www.mcloughlin.world/glossaries/ssa-lexicon/term/opportunity-lockout/#concept,https://www.mcloughlin.world/glossaries/ssa-lexicon/term/opportunity-lockout/,ssa:opportunity-lockout,Opportunity Lockout,"When pathways exist in theory but no one ever responds to your application, email, or offer — so you're told “you didn’t try,” while your efforts are erased.",The Silent Rejection Loop,https://www.mcloughlin.world/glossaries/ssa-lexicon/scheme/gatekeeping-devices/,published,0.2.0,en-AU,https://www.mcloughlin.world/#sarah-ailish-mcloughlin,https://creativecommons.org/licenses/by/4.0/
https://www.mcloughlin.world/glossaries/ssa-lexicon/term/optics-over-ownership/#concept,https://www.mcloughlin.world/glossaries/ssa-lexicon/term/optics-over-ownership/,ssa:optics-over-ownership,Optics Over Ownership,When people with lived experience are invited to a table but not allowed to set the agenda—or are only included to validate predetermined outcomes.,"Inviting Us In, Then Talking Over Us",https://www.mcloughlin.world/glossaries/ssa-lexicon/scheme/coercive-collaboration/,published,0.2.0,en-AU,https://www.mcloughlin.world/#sarah-ailish-mcloughlin,https://creativecommons.org/licenses/by/4.0/
https://www.mcloughlin.world/glossaries/ssa-lexicon/term/paper-based-empathy/#concept,https://www.mcloughlin.world/glossaries/ssa-lexicon/term/paper-based-empathy/,ssa:paper-based-empathy,Paper-Based Empathy,When systems rely on written policies to demonstrate “support” but refuse to enforce those policies meaningfully when abuse or discrimination occurs.,Policies That Don’t Protect People,https://www.mcloughlin.world/glossaries/ssa-lexicon/scheme/accessibility-abuse/,published,0.2.0,en-AU,https://www.mcloughlin.world/#sarah-ailish-mcloughlin,https://creativecommons.org/licenses/by/4.0/
https://www.mcloughlin.world/glossaries/ssa-lexicon/term/paper-based-inclusion/#concept,https://www.mcloughlin.world/glossaries/ssa-lexicon/term/paper-based-inclusion/,ssa:paper-based-inclusion,Paper-Based Inclusion,When a support exists on paper but not in practice — and the burden of proof is pushed onto the person who was excluded.,Policy Promises Without Delivery,https://www.mcloughlin.world/glossaries/ssa-lexicon/scheme/weaponised-access/,published,0.2.0,en-AU,https://www.mcloughlin.world/#sarah-ailish-mcloughlin,https://creativecommons.org/licenses/by/4.0/
https://www.mcloughlin.world/glossaries/ssa-lexicon/term/pattern-theft/#concept,https://www.mcloughlin.world/glossaries/ssa-lexicon/term/pattern-theft/,ssa:pattern-theft,Pattern Theft,"When institutions or influencers extract language, frameworks, or tools born from survival — and repackage them as marketable products, losing context and diluting power.",Repackaging Lived Experience Without Consent,https://www.mcloughlin.world/glossaries/ssa-lexicon/scheme/strategic-self-advocacy-lexicon/,published,0.2.0,en-AU,https://www.mcloughlin.world/#sarah-ailish-mcloughlin,https://creativecommons.org/licenses/by/4.0/
https://www.mcloughlin.world/glossaries/ssa-lexicon/term/performance-inclusion/#concept,https://www.mcloughlin.world/glossaries/ssa-lexicon/term/performance-inclusion/,ssa:performance-inclusion,Performance Inclusion,Inviting lived-experience contributors to consultations or panels without any intention to incorporate their recommendations. This uses presence as permission—conflating being seen with being heard or empowered.,Symbolic Participation Without Influence,https://www.mcloughlin.world/glossaries/ssa-lexicon/scheme/systemic-bypass/,published,0.2.0,en-AU,https://www.mcloughlin.world/#sarah-ailish-mcloughlin,https://creativecommons.org/licenses/by/4.0/
https://www.mcloughlin.world/glossaries/ssa-lexicon/term/performative-inclusion/#concept,https://www.mcloughlin.world/glossaries/ssa-lexicon/term/performative-inclusion/,ssa:performative-inclusion,Performative Inclusion,"Offering surface-level inclusion for show (e.g. diverse images or “voice of lived experience” panels) without transferring actual power, decision-making, or compensation.",Visibility Without Power,https://www.mcloughlin.world/glossaries/ssa-lexicon/scheme/accessibility-abuse/,published,0.2.0,en-AU,https://www.mcloughlin.world/#sarah-ailish-mcloughlin,https://creativecommons.org/licenses/by/4.0/
https://www.mcloughlin.world/glossaries/ssa-lexicon/term/performatory-inclusion/#concept,https://www.mcloughlin.world/glossaries/ssa-lexicon/term/performatory-inclusion/,ssa:performatory-inclusion,Performatory Inclusion,"Offering tokenistic roles or visibility while keeping decision-making power behind closed doors. Inclusion as branding, not equity.","Public Inclusion, Private Exclusion",https://www.mcloughlin.world/glossaries/ssa-lexicon/scheme/institutional-mimicry/,published,0.2.0,en-AU,https://www.mcloughlin.world/#sarah-ailish-mcloughlin,https://creativecommons.org/licenses/by/4.0/
https://www.mcloughlin.world/glossaries/ssa-lexicon/term/platform-jacking/#concept,https://www.mcloughlin.world/glossaries/ssa-lexicon/term/platform-jacking/,ssa:platform-jacking,Platform Jacking,"When someone with more visibility “amplifies” a lived-experience message—then becomes the spokesperson, drowning out the original voice.",Using Your Megaphone to Mute Others,https://www.mcloughlin.world/glossaries/ssa-lexicon/scheme/extractive-allyship/,published,0.2.0,en-AU,https://www.mcloughlin.world/#sarah-ailish-mcloughlin,https://creativecommons.org/licenses/by/4.0/
https://www.mcloughlin.world/glossaries/ssa-lexicon/term/platformed-displacement/#concept,https://www.mcloughlin.world/glossaries/ssa-lexicon/term/platformed-displacement/,ssa:platformed-displacement,Platformed Displacement,"When the system boosts extracted insights through professional channels while the original authors remain invisible, unfunded, or de-platformed. This shifts cultural capital to institutions that did not generate the knowledge they profit from.",Algorithmic Uplift Without Community Power,https://www.mcloughlin.world/glossaries/ssa-lexicon/scheme/digital-extraction/,published,0.2.0,en-AU,https://www.mcloughlin.world/#sarah-ailish-mcloughlin,https://creativecommons.org/licenses/by/4.0/
https://www.mcloughlin.world/glossaries/ssa-lexicon/term/policy-stack-saturation/#concept,https://www.mcloughlin.world/glossaries/ssa-lexicon/term/policy-stack-saturation/,ssa:policy-stack-saturation,Policy Stack Saturation,"The accumulation of policies, frameworks, standards, procedures, audits and compliance obligations to the point where systems become internally contradictory, unmanageable or functionally inaccessible. Policy Stack Saturation often creates implementation bottlenecks, inaccessible compliance systems, worker overload, governance confusion and symbolic rather than operational compliance.",When Systems Collapse Under Their Own Governance Layers,https://www.mcloughlin.world/glossaries/ssa-lexicon/scheme/legislation-laundering/,published,0.2.0,en-AU,https://www.mcloughlin.world/#sarah-ailish-mcloughlin,https://creativecommons.org/licenses/by/4.0/
https://www.mcloughlin.world/glossaries/ssa-lexicon/term/positivity-policing/#concept,https://www.mcloughlin.world/glossaries/ssa-lexicon/term/positivity-policing/,ssa:positivity-policing,Positivity Policing,The enforcement of “positive vibes only” in spaces where real harm needs to be named. Often used to silence lived experience or distress.,When You’re Only Welcome if You Smile,https://www.mcloughlin.world/glossaries/ssa-lexicon/scheme/weaponised-positivity/,published,0.2.0,en-AU,https://www.mcloughlin.world/#sarah-ailish-mcloughlin,https://creativecommons.org/licenses/by/4.0/
https://www.mcloughlin.world/glossaries/ssa-lexicon/term/process-as-obstruction/#concept,https://www.mcloughlin.world/glossaries/ssa-lexicon/term/process-as-obstruction/,ssa:process-as-obstruction,Process as Obstruction,"When the complaints or reform process is made deliberately confusing, untraceable, or repetitive. Designed to overwhelm or discredit the complainant through technicalities, not truth.",Weaponising Red Tape,https://www.mcloughlin.world/glossaries/ssa-lexicon/scheme/systemic-bypass/,published,0.2.0,en-AU,https://www.mcloughlin.world/#sarah-ailish-mcloughlin,https://creativecommons.org/licenses/by/4.0/
https://www.mcloughlin.world/glossaries/ssa-lexicon/term/protocol-hijack/#concept,https://www.mcloughlin.world/glossaries/ssa-lexicon/term/protocol-hijack/,ssa:protocol-hijack,Protocol Hijack,"When self-created coping strategies—like scripts, charts, or visual prompts—are adopted by professionals and reframed as clinical tools, often with no reference to neurodivergent origins.",Copying Our Structures Without Our Voice,https://www.mcloughlin.world/glossaries/ssa-lexicon/scheme/neurodivergent-pattern-theft/,published,0.2.0,en-AU,https://www.mcloughlin.world/#sarah-ailish-mcloughlin,https://creativecommons.org/licenses/by/4.0/
https://www.mcloughlin.world/glossaries/ssa-lexicon/term/protocol-layer/#concept,https://www.mcloughlin.world/glossaries/ssa-lexicon/term/protocol-layer/,ssa:protocol-layer,Protocol Layer,"A protocol layer is the ruleset underneath a system — the part that determines whether your meaning travels safely, or gets reinterpreted against you. SSA™ builds a lived-experience-led protocol layer to guard against systemic distortion.",The Foundation for Semantic Integrity,https://www.mcloughlin.world/glossaries/ssa-lexicon/scheme/strategic-self-advocacy-lexicon/,published,0.2.0,en-AU,https://www.mcloughlin.world/#sarah-ailish-mcloughlin,https://creativecommons.org/licenses/by/4.0/
https://www.mcloughlin.world/glossaries/ssa-lexicon/term/puzzle-framing/#concept,https://www.mcloughlin.world/glossaries/ssa-lexicon/term/puzzle-framing/,ssa:puzzle-framing,Puzzle Framing,When system failure is reframed as your inability to “fit” — and you're expected to change yourself instead of the structure.,Recasting Barriers as Personal Deficits,https://www.mcloughlin.world/glossaries/ssa-lexicon/scheme/gatekeeping-devices/,published,0.2.0,en-AU,https://www.mcloughlin.world/#sarah-ailish-mcloughlin,https://creativecommons.org/licenses/by/4.0/
https://www.mcloughlin.world/glossaries/ssa-lexicon/term/reflective-displacement/#concept,https://www.mcloughlin.world/glossaries/ssa-lexicon/term/reflective-displacement/,ssa:reflective-displacement,Reflective Displacement,Centres the ally’s feelings about injustice instead of the injustice itself—shifting focus and labour back onto the marginalised person.,Making Your Guilt the Main Character,https://www.mcloughlin.world/glossaries/ssa-lexicon/scheme/extractive-allyship/,published,0.2.0,en-AU,https://www.mcloughlin.world/#sarah-ailish-mcloughlin,https://creativecommons.org/licenses/by/4.0/
https://www.mcloughlin.world/glossaries/ssa-lexicon/term/reform-theatre/#concept,https://www.mcloughlin.world/glossaries/ssa-lexicon/term/reform-theatre/,ssa:reform-theatre,Reform Theatre,"The repeated public declaration of reforms, commitments or strategic transformations without equivalent investment in implementation infrastructure, accountability systems or operational redesign. Reform Theatre is closely related to Cosmetic Reform and Inclusion Theatre, but specifically describes public reform cycles, announcement infrastructure and repeated relaunches of change without measurable structural transition.",Announcing Change Faster Than Systems Can Change,https://www.mcloughlin.world/glossaries/ssa-lexicon/scheme/legislation-laundering/,published,0.2.0,en-AU,https://www.mcloughlin.world/#sarah-ailish-mcloughlin,https://creativecommons.org/licenses/by/4.0/
https://www.mcloughlin.world/glossaries/ssa-lexicon/term/safetysplaining/#concept,https://www.mcloughlin.world/glossaries/ssa-lexicon/term/safetysplaining/,ssa:safetysplaining,Safetysplaining,"Using “safety” to justify silencing, excluding, or overriding a person’s needs or voice.",When &quot;Safety&quot; Becomes a Muzzle,https://www.mcloughlin.world/glossaries/ssa-lexicon/scheme/co-opted-patterns/,published,0.2.0,en-AU,https://www.mcloughlin.world/#sarah-ailish-mcloughlin,https://creativecommons.org/licenses/by/4.0/
https://www.mcloughlin.world/glossaries/ssa-lexicon/term/sanitised-survival/#concept,https://www.mcloughlin.world/glossaries/ssa-lexicon/term/sanitised-survival/,ssa:sanitised-survival,Sanitised Survival,"Turning a complex, painful lived experience into an inspirational story that removes the systemic context — making it easier to consume, but harder to challenge.",Rewriting Struggle as Inspiration,https://www.mcloughlin.world/glossaries/ssa-lexicon/scheme/narrative-laundering/,published,0.2.0,en-AU,https://www.mcloughlin.world/#sarah-ailish-mcloughlin,https://creativecommons.org/licenses/by/4.0/
https://www.mcloughlin.world/glossaries/ssa-lexicon/term/semantic-governance-drift/#concept,https://www.mcloughlin.world/glossaries/ssa-lexicon/term/semantic-governance-drift/,ssa:semantic-governance-drift,Semantic Governance Drift,"The gradual divergence of terminology, definitions and governance language across systems, resulting in semantic fragmentation. Semantic Governance Drift weakens interoperability, implementation, accountability, evaluation and participation.",When Every Framework Uses Different Language for the Same Problem,https://www.mcloughlin.world/glossaries/ssa-lexicon/scheme/legislation-laundering/,published,0.2.0,en-AU,https://www.mcloughlin.world/#sarah-ailish-mcloughlin,https://creativecommons.org/licenses/by/4.0/
https://www.mcloughlin.world/glossaries/ssa-lexicon/term/semantic-mining/#concept,https://www.mcloughlin.world/glossaries/ssa-lexicon/term/semantic-mining/,ssa:semantic-mining,Semantic Mining,"When lived-experience phrases are lifted from social media, feedback forums, or community spaces and reused in policy, branding, or AI without acknowledgment. This practice erases intellectual labour while monetising the emotional truth of marginalised people.",Harvesting Language Without Authorship,https://www.mcloughlin.world/glossaries/ssa-lexicon/scheme/digital-extraction/,published,0.2.0,en-AU,https://www.mcloughlin.world/#sarah-ailish-mcloughlin,https://creativecommons.org/licenses/by/4.0/
https://www.mcloughlin.world/glossaries/ssa-lexicon/term/semantic-reframing/#concept,https://www.mcloughlin.world/glossaries/ssa-lexicon/term/semantic-reframing/,ssa:semantic-reframing,Semantic Reframing,"When neurodivergent expressions of clarity or boundary-setting are reinterpreted as “challenging behaviour,” “rigidity,” or “demand avoidance”—pathologising patterns that are functional or protective.",Rewording Our Truths Into Buzzwords,https://www.mcloughlin.world/glossaries/ssa-lexicon/scheme/neurodivergent-pattern-theft/,published,0.2.0,en-AU,https://www.mcloughlin.world/#sarah-ailish-mcloughlin,https://creativecommons.org/licenses/by/4.0/
https://www.mcloughlin.world/glossaries/ssa-lexicon/term/semantic-rewash/#concept,https://www.mcloughlin.world/glossaries/ssa-lexicon/term/semantic-rewash/,ssa:semantic-rewash,Semantic Rewash,"Taking raw, emotional, or grassroots language from lived experience and rewording it into palatable, institutional-sounding frameworks—often to remove its power or traceability.",Pattern Theft in Polished Language,https://www.mcloughlin.world/glossaries/ssa-lexicon/scheme/digital-sovereignty/,published,0.2.0,en-AU,https://www.mcloughlin.world/#sarah-ailish-mcloughlin,https://creativecommons.org/licenses/by/4.0/
https://www.mcloughlin.world/glossaries/ssa-lexicon/term/semantic-sovereignty/#concept,https://www.mcloughlin.world/glossaries/ssa-lexicon/term/semantic-sovereignty/,ssa:semantic-sovereignty,Semantic Sovereignty,"The right to define, anchor, and distribute your own meaning — without institutional reframing. A core concept of SSA™ and the reason behind this glossary.",Owning the Meaning You Make,https://www.mcloughlin.world/glossaries/ssa-lexicon/scheme/strategic-self-advocacy-lexicon/,published,0.2.0,en-AU,https://www.mcloughlin.world/#sarah-ailish-mcloughlin,https://creativecommons.org/licenses/by/4.0/
https://www.mcloughlin.world/glossaries/ssa-lexicon/term/silence-framed-support/#concept,https://www.mcloughlin.world/glossaries/ssa-lexicon/term/silence-framed-support/,ssa:silence-framed-support,Silence-Framed Support,"Support that is only offered to those who remain passive or non-critical. Speaking out leads to exclusion, withheld services, or reputational retaliation.",Only Safe When You’re Silent,https://www.mcloughlin.world/glossaries/ssa-lexicon/scheme/accessibility-abuse/,published,0.2.0,en-AU,https://www.mcloughlin.world/#sarah-ailish-mcloughlin,https://creativecommons.org/licenses/by/4.0/
https://www.mcloughlin.world/glossaries/ssa-lexicon/term/splaining/#concept,https://www.mcloughlin.world/glossaries/ssa-lexicon/term/splaining/,ssa:splaining,Splaining,"“Splaining” is not a typo. It’s a pattern. These terms expose tactics that reframe harm as help, control as care, and oppression as oversight. When someone insists they’re helping—but their help strips you of autonomy, authorship, or agency.",Power Dressed as Care,https://www.mcloughlin.world/glossaries/ssa-lexicon/scheme/co-opted-patterns/,published,0.2.0,en-AU,https://www.mcloughlin.world/#sarah-ailish-mcloughlin,https://creativecommons.org/licenses/by/4.0/
https://www.mcloughlin.world/glossaries/ssa-lexicon/term/ssa/#concept,https://www.mcloughlin.world/glossaries/ssa-lexicon/term/ssa/,ssa:ssa,SSA™,"A trauma-informed, systems-aware framework for reclaiming power. SSA™ is not a method of “being better behaved in broken systems.” It’s a protocol layer for surviving and influencing them with your dignity intact.",Strategic Self-Advocacy,https://www.mcloughlin.world/glossaries/ssa-lexicon/scheme/strategic-self-advocacy-lexicon/,published,0.2.0,en-AU,https://www.mcloughlin.world/#sarah-ailish-mcloughlin,https://creativecommons.org/licenses/by/4.0/
https://www.mcloughlin.world/glossaries/ssa-lexicon/term/strategic-avoidance/#concept,https://www.mcloughlin.world/glossaries/ssa-lexicon/term/strategic-avoidance/,ssa:strategic-avoidance,Strategic Avoidance,"When systems claim to be receptive to feedback but repeatedly route it to dead ends, irrelevant staff, or delayed “future planning cycles.” This tactic creates the illusion of inclusion while exhausting participants into silence.",Refusing Direct Engagement While Appearing Open,https://www.mcloughlin.world/glossaries/ssa-lexicon/scheme/systemic-bypass/,published,0.2.0,en-AU,https://www.mcloughlin.world/#sarah-ailish-mcloughlin,https://creativecommons.org/licenses/by/4.0/
https://www.mcloughlin.world/glossaries/ssa-lexicon/term/structural-ghosting/#concept,https://www.mcloughlin.world/glossaries/ssa-lexicon/term/structural-ghosting/,ssa:structural-ghosting,Structural Ghosting,"When no reply is the reply — because your voice isn’t seen as valuable, your insight isn’t welcome, or your presence threatens the status quo.",Being Intentionally Ignored by Design,https://www.mcloughlin.world/glossaries/ssa-lexicon/scheme/gatekeeping-devices/,published,0.2.0,en-AU,https://www.mcloughlin.world/#sarah-ailish-mcloughlin,https://creativecommons.org/licenses/by/4.0/
https://www.mcloughlin.world/glossaries/ssa-lexicon/term/tokenistic-invitations/#concept,https://www.mcloughlin.world/glossaries/ssa-lexicon/term/tokenistic-invitations/,ssa:tokenistic-invitations,Tokenistic Invitations,When you're invited to the table for optics — but not decision-making. Your presence is used to validate a process you don’t control.,Visibility Without Influence,https://www.mcloughlin.world/glossaries/ssa-lexicon/scheme/gatekeeping-devices/,published,0.2.0,en-AU,https://www.mcloughlin.world/#sarah-ailish-mcloughlin,https://creativecommons.org/licenses/by/4.0/
