record_type,id,name,domain,definition,requires_context,independently_conclusive,related_concepts
indicator,CCI-THREAT-VIOLENCE,Threat of violence,threats_and_intimidation,"A threat to physically harm a person where the threat may be used to frighten, intimidate, compel or control.",false,false,
indicator,CCI-THREAT-FAMILY,Threats against family or significant people,threats_and_intimidation,Threatening harm or adverse consequences to people important to the subject as a means of influencing behaviour.,false,false,
indicator,CCI-THREAT-CHILDREN,Threats involving children,threats_and_intimidation,"Using threatened harm, removal, withholding, manipulation or adverse consequences involving a child as a means of control.",false,false,
indicator,CCI-THREAT-SELF-HARM-AS-CONTROL,Threat of self-harm used as control,threats_and_intimidation,"Threatening self-harm in circumstances where the threat is being used to frighten, compel or prevent another person from exercising autonomy.",true,false,
indicator,CCI-THREAT-REPUTATION,Threat to reputation,threats_and_intimidation,"Threatening humiliation, disclosure or reputational damage in order to compel behaviour.",false,false,
indicator,CCI-THREAT-AUTHORITY,Threat involving authorities,threats_and_intimidation,Using actual or threatened involvement of institutions or authorities as a mechanism of control.,true,false,
indicator,CCI-THREAT-HOUSING,Threat to housing,threats_and_intimidation,"Threatening homelessness, eviction or loss of accommodation as a means of control.",false,false,
indicator,CCI-THREAT-EMPLOYMENT,Threat to employment,threats_and_intimidation,"Threatening employment, income or professional consequences to compel behaviour.",false,false,
indicator,CCI-THREAT-IMMIGRATION,Immigration-related threat,threats_and_intimidation,"Using immigration status, visa dependency or threatened reporting to migration authorities as a means of control.",false,false,
indicator,CCI-SURVEILLANCE-LOCATION,Location monitoring,surveillance_and_monitoring,"Repeated or intrusive monitoring of a person's location where it contributes to control, fear or loss of autonomy.",true,false,
indicator,CCI-SURVEILLANCE-DEVICE,Device monitoring,surveillance_and_monitoring,Monitoring or accessing another person's digital devices in circumstances associated with control.,true,false,
indicator,CCI-SURVEILLANCE-COMMUNICATION,Communication monitoring,surveillance_and_monitoring,"Monitoring, intercepting or requiring disclosure of private communications as part of controlling conduct.",true,false,
indicator,CCI-SURVEILLANCE-ACCOUNT,Account monitoring,surveillance_and_monitoring,"Monitoring financial, social, email or other accounts in a way that contributes to control or surveillance.",true,false,
indicator,CCI-SURVEILLANCE-IN-PERSON,In-person surveillance,surveillance_and_monitoring,"Following, watching, waiting for or repeatedly checking on a person in circumstances that contribute to intimidation, fear or control.",false,false,
indicator,CCI-SURVEILLANCE-REPORTING-REQUIREMENT,Reporting requirement,surveillance_and_monitoring,"Requiring a person to continually account for their location, activities or social contact where non-compliance carries consequences.",false,false,
indicator,CCI-ISOLATION-FAMILY,Isolation from family,isolation,"Preventing, discouraging or materially interfering with relationships or communication with family.",false,false,
indicator,CCI-ISOLATION-FRIENDS,Isolation from friends,isolation,Restricting or undermining a person's ability to maintain friendships.,false,false,
indicator,CCI-ISOLATION-WORK,Work isolation,isolation,Preventing or interfering with employment or workplace relationships as a mechanism of control.,false,false,
indicator,CCI-ISOLATION-COMMUNITY,Community isolation,isolation,"Restricting participation in community, cultural, religious, sporting or social activities.",false,false,
indicator,CCI-ISOLATION-COMMUNICATION,Communication isolation,isolation,"Restricting independent access to phones, internet, messaging, email or other communications.",false,false,
indicator,CCI-ISOLATION-SUPPORT-SERVICES,Isolation from support services,isolation,"Preventing or materially interfering with access to health, legal, disability, social or safeguarding services.",false,false,
indicator,CCI-ECONOMIC-INCOME-CONTROL,Income control,economic_control,"Taking, redirecting, withholding or controlling another person's income in circumstances that reduce financial autonomy.",false,false,HTI-WAGE-WITHHOLDING
indicator,CCI-ECONOMIC-BANK-ACCOUNT-CONTROL,Bank-account control,economic_control,Exercising unreasonable or coerced control over another person's bank account or access to funds.,true,false,
indicator,CCI-ECONOMIC-SPENDING-RESTRICTION,Spending restriction,economic_control,Imposing controlling restrictions on ordinary expenditure where those restrictions are not freely agreed.,true,false,
indicator,CCI-ECONOMIC-ASSET-CONTROL,Asset control,economic_control,"Taking or exercising unreasonable control over assets, property or financial interests belonging wholly or partly to another person.",false,false,
indicator,CCI-ECONOMIC-COERCED-DEBT,Coerced debt,economic_control,"Forcing, pressuring or deceptively causing another person to acquire debt or financial liabilities.",false,false,
indicator,CCI-ECONOMIC-WITHHELD-RESOURCES,Withheld resources,economic_control,"Unreasonably withholding money or essential resources needed for ordinary living, care or safety.",false,false,
indicator,CCI-ECONOMIC-EMPLOYMENT-INTERFERENCE,Employment interference,economic_control,"Preventing, sabotaging or materially interfering with another person's employment or earning capacity.",false,false,
indicator,CCI-ECONOMIC-CREDIT-INTERFERENCE,Credit interference,economic_control,"Damaging, exploiting or manipulating another person's credit or financial identity in circumstances associated with control.",false,false,
indicator,CCI-MOVEMENT-RESTRICTION,Restriction of movement,movement_and_autonomy,"Behaviour restricting where another person may go, when they may leave or their practical freedom of movement.",false,false,HTI-RESTRICTION-OF-MOVEMENT
indicator,CCI-MOVEMENT-CONFINEMENT,Confinement,movement_and_autonomy,Preventing or materially obstructing a person's ability to leave a physical place.,false,false,
indicator,CCI-MOVEMENT-TRANSPORT-CONTROL,Transport control,movement_and_autonomy,Controlling access to transport in a way that materially limits independence or access to assistance.,false,false,
indicator,CCI-MOVEMENT-PERMISSION-REQUIREMENT,Permission requirement,movement_and_autonomy,"Requiring permission before leaving, travelling or undertaking ordinary activities where non-compliance carries consequences.",false,false,
indicator,CCI-MOVEMENT-DAILY-ACTIVITY-CONTROL,Daily activity control,movement_and_autonomy,"Controlling ordinary activities such as eating, sleeping, dressing, working, studying or socialising as part of a broader pattern.",false,false,
indicator,CCI-DOCUMENT-PASSPORT,Passport control,documents_and_credentials,Withholding or controlling another person's passport in circumstances that limit practical autonomy.,false,false,HTI-DOCUMENT-RETENTION
indicator,CCI-DOCUMENT-IDENTITY,Identity-document control,documents_and_credentials,Withholding or controlling identity documents where this contributes to dependency or reduced autonomy.,false,false,
indicator,CCI-DOCUMENT-FINANCIAL,Financial-document control,documents_and_credentials,Restricting access to financial records required for independent financial decision-making.,false,false,
indicator,CCI-DOCUMENT-LEGAL,Legal-document control,documents_and_credentials,"Withholding, destroying, concealing or controlling access to legal documents in circumstances associated with domination or dependency.",false,false,
indicator,CCI-CREDENTIAL-ACCOUNT-ACCESS,Account-credential control,documents_and_credentials,"Taking or retaining credentials for digital, financial or other accounts in a way that reduces independent control.",false,false,
indicator,CCI-DEPENDENCY-HOUSING,Housing dependency,dependency,Creating or exploiting reliance on another person for accommodation as part of a controlling pattern.,false,false,
indicator,CCI-DEPENDENCY-FINANCIAL,Financial dependency,dependency,Creating or deliberately maintaining financial reliance as a mechanism of control.,false,false,
indicator,CCI-DEPENDENCY-IMMIGRATION,Immigration dependency,dependency,"Exploiting immigration, sponsorship or visa dependency as a mechanism of control.",false,false,
indicator,CCI-DEPENDENCY-CARE,Care dependency,dependency,"Exploiting reliance on another person for personal care, medication, mobility, communication or daily assistance.",false,false,
indicator,CCI-DEPENDENCY-TRANSPORT,Transport dependency,dependency,Creating or exploiting reliance on another person for transportation where that dependency is used to control autonomy.,false,false,
indicator,CCI-DEPENDENCY-COMMUNICATION,Communication dependency,dependency,"Creating or exploiting reliance on another person for access to communications, interpretation, technology or external contact.",false,false,
indicator,CCI-PSYCHOLOGICAL-HUMILIATION,Humiliation,psychological_control,Repeated or strategically used conduct intended to humiliate and contribute to domination or compliance.,false,false,
indicator,CCI-PSYCHOLOGICAL-DEGRADATION,Degradation,psychological_control,Conduct that persistently demeans or devalues another person as part of a controlling pattern.,false,false,
indicator,CCI-PSYCHOLOGICAL-INTIMIDATION,Intimidation,psychological_control,Conduct creating apprehension or fear that is used to influence another person's behaviour.,false,false,HTI-THREATS
indicator,CCI-PSYCHOLOGICAL-MANIPULATION,Manipulation,psychological_control,"Deceptive, exploitative or psychologically coercive conduct used to influence another person's decisions or perception of available choices.",true,false,
indicator,CCI-PSYCHOLOGICAL-INDUCED-FEAR,Induced fear,psychological_control,Conduct causing or maintaining fear that materially affects another person's behaviour or autonomy.,false,false,
indicator,CCI-PSYCHOLOGICAL-UNPREDICTABLE-PUNISHMENT,Unpredictable punishment,psychological_control,"Unpredictable adverse consequences for ordinary conduct or perceived non-compliance that produce vigilance, uncertainty or submission.",false,false,
indicator,CCI-DIGITAL-PASSWORD-CONTROL,Password control,technology_facilitated_control,"Demanding, taking or controlling another person's authentication credentials in circumstances contributing to surveillance or domination.",true,false,
indicator,CCI-DIGITAL-ACCOUNT-TAKEOVER,Account takeover,technology_facilitated_control,Taking control of another person's digital account without meaningful consent or preventing them from regaining independent access.,false,false,
indicator,CCI-DIGITAL-LOCATION-TRACKING,Digital location tracking,technology_facilitated_control,Using technology to monitor another person's location as part of a controlling pattern.,true,false,
indicator,CCI-DIGITAL-DEVICE-MONITORING,Digital device monitoring,technology_facilitated_control,Using technological means to monitor activity on another person's device without meaningful and freely revocable consent.,true,false,
indicator,CCI-DIGITAL-IMPERSONATION,Digital impersonation,technology_facilitated_control,"Using another person's digital identity or accounts to impersonate them in circumstances associated with harassment, deception or control.",false,false,
indicator,CCI-DIGITAL-COMMUNICATION-INTERFERENCE,Communication interference,technology_facilitated_control,"Blocking, deleting, intercepting or otherwise interfering with independent communication.",false,false,
indicator,CCI-DIGITAL-ACCESS-RESTRICTION,Digital access restriction,technology_facilitated_control,"Restricting access to devices, connectivity or online services in a manner that materially reduces independence.",false,false,
indicator,CCI-POSTSEP-STALKING,Post-separation stalking,post_separation_control,"Stalking conduct following separation that forms part of an ongoing attempt to monitor, intimidate or control.",false,false,
indicator,CCI-POSTSEP-UNWANTED-CONTACT,Persistent unwanted contact,post_separation_control,Repeated unwanted communication after separation where its context or effect contributes to intimidation or control.,true,false,
indicator,CCI-POSTSEP-DIGITAL-MONITORING,Post-separation digital monitoring,post_separation_control,Continued digital surveillance or unauthorised access following separation.,false,false,
indicator,CCI-POSTSEP-FINANCIAL-INTERFERENCE,Post-separation financial interference,post_separation_control,"Using financial arrangements, liabilities or resources after separation to continue control.",false,false,
indicator,CCI-POSTSEP-THIRD-PARTY-CONTROL,Third-party control,post_separation_control,"Using other people to monitor, contact, intimidate, influence or otherwise exert control.",true,false,
indicator,CCI-POSTSEP-SYSTEMS-ABUSE,Systems abuse,post_separation_control,"Using legal, administrative, institutional or complaint processes as part of a pattern intended to intimidate, exhaust, punish or maintain control.",true,false,
indicator,CCI-POSTSEP-PROPERTY-INTERFERENCE,Property interference,post_separation_control,"Using property, possessions or access to belongings after separation as a mechanism of intimidation or control.",false,false,
impact,CCI-IMPACT-FEAR,Fear,impact,Observed or reported impact associated with coercive-control-related conduct.,false,false,
impact,CCI-IMPACT-REDUCED-AUTONOMY,Reduced autonomy,impact,Observed or reported impact associated with coercive-control-related conduct.,false,false,
impact,CCI-IMPACT-SOCIAL-ISOLATION,Social isolation,impact,Observed or reported impact associated with coercive-control-related conduct.,false,false,
impact,CCI-IMPACT-FINANCIAL-DEPENDENCY,Financial dependency,impact,Observed or reported impact associated with coercive-control-related conduct.,false,false,
impact,CCI-IMPACT-HOUSING-INSECURITY,Housing insecurity,impact,Observed or reported impact associated with coercive-control-related conduct.,false,false,
impact,CCI-IMPACT-EMPLOYMENT-DISRUPTION,Employment disruption,impact,Observed or reported impact associated with coercive-control-related conduct.,false,false,
impact,CCI-IMPACT-DIGITAL-EXCLUSION,Digital exclusion,impact,Observed or reported impact associated with coercive-control-related conduct.,false,false,
impact,CCI-IMPACT-CHANGED-BEHAVIOUR,Changed behaviour,impact,Observed or reported impact associated with coercive-control-related conduct.,false,false,
impact,CCI-IMPACT-SELF-CENSORSHIP,Self-censorship,impact,Observed or reported impact associated with coercive-control-related conduct.,false,false,
impact,CCI-IMPACT-RESTRICTED-MOVEMENT,Restricted movement,impact,Observed or reported impact associated with coercive-control-related conduct.,false,false,
impact,CCI-IMPACT-DEPENDENCY,Dependency,impact,Observed or reported impact associated with coercive-control-related conduct.,false,false,
pattern,CCP-AUTONOMY-EROSION,Progressive erosion of autonomy,pattern,Multiple behaviours progressively reduce a person's practical ability to make or act on independent choices.,false,false,
pattern,CCP-ISOLATION-DEPENDENCY,Isolation-dependency pattern,pattern,"Increasing isolation accompanied by increasing practical, financial, technological or care dependency.",false,false,
pattern,CCP-SURVEILLANCE-INTIMIDATION,Surveillance-intimidation pattern,pattern,Monitoring accompanied by threatened or actual consequences.,false,false,
pattern,CCP-ECONOMIC-DEPENDENCY,Economic-dependency pattern,pattern,"Economic control creates, increases or maintains reliance on another person.",false,false,
pattern,CCP-MOVEMENT-CONTROL,Movement-control pattern,pattern,Multiple behaviours collectively constrain physical movement or access to places and people.,false,false,
pattern,CCP-DIGITAL-CONTROL,Digital-control pattern,pattern,"Technology is systematically used to monitor, restrict, intimidate or control.",false,false,
pattern,CCP-ESCALATING-CONTROL,Escalating-control pattern,pattern,"Controlling behaviour increases in frequency, severity, scope or consequences over time.",false,false,
pattern,CCP-POST-SEPARATION-CONTROL,Post-separation-control pattern,pattern,"Control continues, changes form or escalates after a relationship ends.",false,false,
pattern,CCP-MULTI-DOMAIN-CONTROL,Multi-domain-control pattern,pattern,Control simultaneously affects several areas of a person's life.,false,false,
pattern,CCP-FEAR-COMPLIANCE,Fear-compliance pattern,pattern,A person changes their behaviour because they anticipate consequences for non-compliance.,false,false,
